"","Min.","1st Qu.","Median","Mean","3rd Qu.","Max."
"19129AreaResults.csv",23.746,45.922,67.344,68.5225454545455,81.1865,124.177
"34859AreaResults.csv",6161.4,14886.18,18901.98,20908.908,25790.67,37677.06
"36659AreaResults.csv",0.013,0.019,0.04,0.0519090909090909,0.0675,0.127
"19129lengthsResults.csv",8.07,11.4485,13.9705,15.6674,18.58375,28.211
"34859lengthsResults.csv",131.508,186.9155,197.9515,196.912214285714,207.545,248.91
"36659lengthsResults.csv",0.161,0.263,0.3,0.344090909090909,0.382,0.642
